Time,Y
1987-01-01,0
1987-01-08,-1.38353690372848
1987-01-15,-1.23286087829782
1987-01-22,-1.89486091058885
1987-01-29,-2.02015492836406
1987-02-05,-2.3465504067945
1987-02-12,-2.04942625696147
1987-02-19,-0.408478300777854
1987-02-26,1.98895833792935
1987-03-05,4.90005419384873
1987-03-12,6.07781993851587
1987-03-19,6.55143041617349
1987-03-26,7.88679724933702
1987-04-02,8.82971939134019
1987-04-09,10.2057630105743
1987-04-16,13.6268849154639
1987-04-23,17.5436198098477
1987-04-30,21.1128027973369
1987-05-07,24.1869738707148
1987-05-14,26.432385620454
1987-05-21,28.282771097122
1987-05-28,30.0784289444029
1987-06-04,29.6947978815018
1987-06-11,28.1339256968701
1987-06-18,26.0149641211892
1987-06-25,25.3206309348066
1987-07-02,25.0311792895923
1987-07-09,23.2657241698511
1987-07-16,22.796679198535
1987-07-23,25.3994746932337
1987-07-30,27.6723278831361
1987-08-06,29.2589222909511
1987-08-13,32.0452366705146
1987-08-20,35.2690214251055
1987-08-27,38.1014135519247
1987-09-03,40.9247507300869
1987-09-10,44.1729118723618
1987-09-17,47.430191588352
1987-09-24,51.0322831606152
1987-10-01,55.4694623367277
1987-10-08,59.404253280283
1987-10-15,62.4894878415552
1987-10-22,64.724186234971
1987-10-29,68.2923136824815
1987-11-05,73.1121667119099
1987-11-12,78.5501875661283
1987-11-19,84.4901631191559
1987-11-26,89.0455277543162
1987-12-03,92.6820482856304
1987-12-10,95.3369293410507
1987-12-17,96.7346642621058
1987-12-24,97.7120503394424
1987-12-31,97.2507813061179
1988-01-07,95.2143827098622
1988-01-14,92.361282843262
1988-01-21,88.0277489231803
1988-01-28,83.2216706575912
1988-02-04,79.0659274908436
1988-02-11,76.8448047733019
1988-02-18,75.7955981655238
1988-02-25,73.9771165706231
1988-03-03,71.9703052819267
1988-03-10,70.434990223803
1988-03-17,69.109283712349
1988-03-24,69.8947946220211
1988-03-31,71.6860149230925
1988-04-07,71.7587807855972
1988-04-14,72.0682937874427
1988-04-21,73.9389716099656
1988-04-28,76.7534911656714
1988-05-05,81.7850796681961
1988-05-12,87.9044320270957
1988-05-19,93.8564668519411
1988-05-26,98.7926638453335
1988-06-02,104.165668104108
1988-06-09,111.277673280302
1988-06-16,118.310424954359
1988-06-23,125.282072782905
1988-06-30,131.879034785749
1988-07-07,137.529021393698
1988-07-14,141.959584374106
1988-07-21,145.629871826165
1988-07-28,148.490039000906
1988-08-04,151.082904930783
1988-08-11,154.084462469171
1988-08-18,156.131562543949
1988-08-25,158.308942088634
1988-09-01,161.242756477683
1988-09-08,165.535384356677
1988-09-15,169.244888934024
1988-09-22,173.021607563346
1988-09-29,176.928236951954
1988-10-06,180.802946220923
1988-10-13,185.212650189723
1988-10-20,189.673605661774
1988-10-27,196.15405470356
1988-11-03,203.405477548825
1988-11-10,211.576743802422
1988-11-17,220.002459510729
1988-11-24,226.769606248875
1988-12-01,231.293001726557
1988-12-08,234.193442061238
1988-12-15,236.590893634596
1988-12-22,239.155935740704
1988-12-29,240.875358415541
1989-01-05,239.334942834328
1989-01-12,234.430656863929
1989-01-19,228.80984812059
1989-01-26,224.334990281154
1989-02-02,220.959292206139
1989-02-09,218.29282941185
1989-02-16,215.872053885268
1989-02-23,214.625707059561
1989-03-02,212.828058442277
1989-03-09,209.102916873097
1989-03-16,204.809559394405
1989-03-23,200.615765826998
1989-03-30,194.229242436643
1989-04-06,187.090313498418
1989-04-13,180.781115590558
1989-04-20,173.623323362808
1989-04-27,165.920467256826
1989-05-04,159.330481372137
1989-05-11,154.30623743024
1989-05-18,150.376118957556
1989-05-25,146.298479608522
1989-06-01,143.33133119217
1989-06-08,140.365724132655
1989-06-15,138.667592296705
1989-06-22,137.88109862551
1989-06-29,137.868245728813
1989-07-06,138.29775930935
1989-07-13,139.214368530312
1989-07-20,140.595778677782
1989-07-27,142.087484712906
1989-08-03,145.370496820052
1989-08-10,148.515317085931
1989-08-17,150.896528670745
1989-08-24,153.67370737829
1989-08-31,155.858265303357
1989-09-07,156.150589873214
1989-09-14,157.115893646212
1989-09-21,158.822198712558
1989-09-28,160.944027090658
1989-10-05,165.252389339498
1989-10-12,170.912555960107
1989-10-19,176.7472996046
1989-10-26,181.174748076601
1989-11-02,183.825939247467
1989-11-09,186.637722778028
1989-11-16,190.038827925738
1989-11-23,193.203730728248
1989-11-30,195.277103893799
1989-12-07,198.665781007836
1989-12-14,203.434549180708
1989-12-21,208.365306194237
1989-12-28,213.304958658461
1990-01-04,217.504395095213
1990-01-11,222.045272174765
1990-01-18,225.971404347293
1990-01-25,229.460357348749
1990-02-01,232.877450902874
1990-02-08,236.25014148896
1990-02-15,240.606012653764
1990-02-22,244.282003108226
1990-03-01,247.043321631114
1990-03-08,249.063605359141
1990-03-15,251.518857662658
1990-03-22,253.812353808985
1990-03-29,255.724602264435
1990-04-05,257.033002227774
1990-04-12,258.842274258568
1990-04-19,260.37921198019
1990-04-26,261.252369222456
1990-05-03,260.619484803434
1990-05-10,259.810512474445
1990-05-17,258.804147787551
1990-05-24,258.006007538553
1990-05-31,257.900932915653
1990-06-07,258.24501562144
1990-06-14,257.349085137439
1990-06-21,256.07376656293
1990-06-28,253.689411031073
1990-07-05,250.752091218806
1990-07-12,249.640272774017
1990-07-19,248.038529236478
1990-07-26,246.457162025139
1990-08-02,245.287269633201
1990-08-09,242.752087572377
1990-08-16,239.092710687966
1990-08-23,234.217782850477
1990-08-30,229.659492011736
1990-09-06,224.307865449994
1990-09-13,218.171668290268
1990-09-20,213.184187111612
1990-09-27,210.710191029693
1990-10-04,211.654219398097
1990-10-11,213.87908552333
1990-10-18,217.276055487354
1990-10-25,221.616950767998
1990-11-01,225.393304347835
1990-11-08,228.815223858096
1990-11-15,231.183859210658
1990-11-22,233.228823466588
1990-11-29,235.181723864966
1990-12-06,237.535334055983
1990-12-13,240.167997065235
1990-12-20,242.92186174895
1990-12-27,245.11228662743
1991-01-03,247.720936380371
1991-01-10,251.463704390661
1991-01-17,254.214780520327
1991-01-24,257.814541770023
1991-01-31,261.134323605283
1991-02-07,263.214031964705
1991-02-14,266.390747095945
1991-02-21,271.103070934343
1991-02-28,275.794898292954
1991-03-07,280.514863049418
1991-03-14,283.359577947939
1991-03-21,287.020830156603
1991-03-28,292.90284709714
1991-04-04,298.826934582497
1991-04-11,304.318346333075
1991-04-18,311.554429028958
1991-04-25,318.6869691927
1991-05-02,323.455846820889
1991-05-09,326.556729026131
1991-05-16,328.364821803161
1991-05-23,327.93862619293
1991-05-30,327.997098656426
1991-06-06,328.789114728487
1991-06-13,331.339435302617
1991-06-20,334.223117038717
1991-06-27,338.432531705041
1991-07-04,341.468292704898
1991-07-11,344.494665331085
1991-07-18,347.425243677818
1991-07-25,347.209035071125
1991-08-01,346.410010058844
1991-08-08,346.982809790876
1991-08-15,348.205862518619
1991-08-22,348.317522848242
1991-08-29,348.455859399279
1991-09-05,348.604924102156
1991-09-12,348.132527448847
1991-09-19,346.137431128289
1991-09-26,344.285084219359
1991-10-03,343.957908745907
1991-10-10,343.81474984839
1991-10-17,343.362677093839
1991-10-24,342.97686996182
1991-10-31,342.782317119154
1991-11-07,343.963005407051
1991-11-14,346.012544014686
1991-11-21,348.148503297175
1991-11-28,349.014776617347
1991-12-05,348.990690044889
1991-12-12,348.712367433049
1991-12-19,349.141707264592
1991-12-26,350.341929698974
1992-01-02,351.593726178055
1992-01-09,352.289422616926
1992-01-16,353.527839298685
1992-01-23,355.299617520075
1992-01-30,355.923264286712
1992-02-06,355.25502658293
1992-02-13,353.776534094133
1992-02-20,352.147805018055
1992-02-27,350.441830679878
1992-03-05,347.233304460839
1992-03-12,344.859263651153
1992-03-19,344.723452479186
1992-03-26,347.318341023323
1992-04-02,352.11396175892
1992-04-09,355.474734862099
1992-04-16,356.810482653164
1992-04-23,356.025328356063
1992-04-30,355.152913650386
1992-05-07,355.045295055598
1992-05-14,355.077909045933
1992-05-21,355.085391054889
1992-05-28,354.032637466166
1992-06-04,352.847415419448
1992-06-11,352.448787704564
1992-06-18,353.149295253875
1992-06-25,355.070684170026
1992-07-02,357.150014513769
1992-07-09,358.709066141809
1992-07-16,359.355929084207
1992-07-23,359.283819997858
1992-07-30,360.495327302879
1992-08-06,362.22960771616
1992-08-13,363.631132390233
1992-08-20,365.686690689492
1992-08-27,369.287127627279
1992-09-03,372.435766705873
1992-09-10,375.695035393424
1992-09-17,378.496651676319
1992-09-24,381.135062808764
1992-10-01,382.698300627791
1992-10-08,383.600625905022
1992-10-15,383.858008799691
1992-10-22,382.241595687187
1992-10-29,380.463232331606
1992-11-05,381.44496960511
1992-11-12,382.807297275084
1992-11-19,383.224934372653
1992-11-26,382.684732789993
1992-12-03,382.491718878595
1992-12-10,384.217626660879
1992-12-17,386.405773320965
1992-12-24,388.385357895723
1992-12-31,392.082895600797
1993-01-07,395.615679864786
1993-01-14,397.86918520143
1993-01-21,400.664151870578
1993-01-28,403.1800475295
1993-02-04,406.897671799714
1993-02-11,410.905600628101
1993-02-18,413.705870025898
1993-02-25,416.340853730582
1993-03-04,420.333087351429
1993-03-11,424.903361033363
1993-03-18,429.500388490256
1993-03-25,434.682137952735
1993-04-01,440.298759803002
1993-04-08,445.487633989871
1993-04-15,449.272608982009
1993-04-22,452.069714003191
1993-04-29,454.454511573159
1993-05-06,456.84707536363
1993-05-13,458.464109834185
1993-05-20,459.964289553806
1993-05-27,460.245765911063
1993-06-03,460.94660133386
1993-06-10,461.992471962414
1993-06-17,461.774900698809
1993-06-24,464.039863425216
1993-07-01,468.92840141688
1993-07-08,475.628970505728
1993-07-15,483.256830034739
1993-07-22,490.776232144844
1993-07-29,496.419978423721
1993-08-05,501.922007839461
1993-08-12,507.398363342407
1993-08-19,513.766063404372
1993-08-26,519.398070807651
1993-09-02,526.380372046486
1993-09-09,534.926210781069
1993-09-16,543.410247421067
1993-09-23,551.533681698862
1993-09-30,559.510781627171
1993-10-07,567.192650243937
1993-10-14,573.718000176843
1993-10-21,579.573429115462
1993-10-28,583.791271297306
1993-11-04,585.820627960859
1993-11-11,586.303829589898
1993-11-18,587.135975554959
1993-11-25,588.296220434931
1993-12-02,590.806613512958
1993-12-09,593.57475860525
1993-12-16,596.383893635795
1993-12-23,599.449799419124
1993-12-30,602.239893436121
1994-01-06,604.551006954578
1994-01-13,608.19031122198
1994-01-20,610.716552706573
1994-01-27,612.490392177647
1994-02-03,614.099200439
1994-02-10,614.668459406675
1994-02-17,616.344396360634
1994-02-24,620.52100077419
1994-03-03,624.654059773165
1994-03-10,626.454597850534
1994-03-17,630.586626863426
1994-03-24,635.148549375681
1994-03-31,638.017788620238
1994-04-07,642.671603089659
1994-04-14,649.409336805941
1994-04-21,655.551544336121
1994-04-28,659.656557587548
1994-05-05,661.517082004546
1994-05-12,663.188577930976
1994-05-19,664.009633389342
1994-05-26,664.984266626209
1994-06-02,666.679317449694
1994-06-09,669.561484479438
1994-06-16,671.187127994442
1994-06-23,672.82123950262
1994-06-30,675.38547460211
1994-07-07,679.838129419997
1994-07-14,683.613258290977
1994-07-21,686.717634685374
1994-07-28,688.532542640918
1994-08-04,690.140034490264
1994-08-11,690.771335361741
1994-08-18,690.815870828624
1994-08-25,692.049702943052
1994-09-01,694.370597459214
1994-09-08,695.870906045177
1994-09-15,694.738226601853
1994-09-22,693.147679280122
1994-09-29,692.062868214607
1994-10-06,692.789642534129
1994-10-13,695.532490685282
1994-10-20,698.364490028036
1994-10-27,700.808613231632
1994-11-03,704.56324667541
1994-11-10,707.597987874896
1994-11-17,708.67826687029
1994-11-24,709.963307641296
1994-12-01,710.157560181466
1994-12-08,709.635363015136
1994-12-15,709.991850039119
1994-12-22,711.090102996797
1994-12-29,713.336845747845
1995-01-05,715.621227761405
1995-01-12,717.876361878961
1995-01-19,720.413908256534
1995-01-26,723.54894456103
1995-02-02,725.380116122805
1995-02-09,726.198844082018
1995-02-16,728.898507283259
1995-02-23,732.789599470496
1995-03-02,735.489064389684
1995-03-09,737.392095664384
1995-03-16,739.618275696943
1995-03-23,741.595274370394
1995-03-30,741.688036125922
1995-04-06,741.182258935713
1995-04-13,741.513082958222
1995-04-20,741.721694185036
1995-04-27,740.876799930743
1995-05-04,738.044677874157
1995-05-11,733.709301509949
1995-05-18,730.432955566047
1995-05-25,727.851182483923
1995-06-01,724.118907256092
1995-06-08,720.708665473193
1995-06-15,719.484881366003
1995-06-22,718.662836725953
1995-06-29,717.847731993939
1995-07-06,717.007269264333
1995-07-13,716.007750848372
1995-07-20,714.954056803689
1995-07-27,713.601567229317
1995-08-03,712.258401435493
1995-08-10,712.238463266345
1995-08-17,712.035880538692
1995-08-24,711.693503683795
1995-08-31,710.382515156248
1995-09-07,707.813831035111
1995-09-14,704.98146029457
1995-09-21,701.873233370004
1995-09-28,697.946377548083
1995-10-05,693.30743310453
1995-10-12,690.342673222556
1995-10-19,687.127412410674
1995-10-26,683.435350045224
1995-11-02,681.65887451376
1995-11-09,680.592785350772
1995-11-16,677.925518196141
1995-11-23,675.74507663549
1995-11-30,673.222983573388
1995-12-07,669.610055814991
1995-12-14,664.916583834752
1995-12-21,659.330293059466
1995-12-28,654.251561824749
1996-01-04,650.074747159981
1996-01-11,646.576134140948
1996-01-18,641.48185048248
1996-01-25,637.356645090405
1996-02-01,634.715542315564
1996-02-08,633.062522918961
1996-02-15,631.284083076901
1996-02-22,631.200408232118
1996-02-29,632.409188136098
1996-03-07,634.469185026944
1996-03-14,637.221707972541
1996-03-21,640.219452317322
1996-03-28,643.963325173816
1996-04-04,648.355001478662
1996-04-11,652.068456612448
1996-04-18,656.159346791689
1996-04-25,659.662763556809
1996-05-02,660.609506521773
1996-05-09,660.339223171674
1996-05-16,661.50182365737
1996-05-23,663.440734680781
1996-05-30,663.955773613478
1996-06-06,665.342000680281
1996-06-13,667.62804107312
1996-06-20,670.266199046784
1996-06-27,672.654217906401
1996-07-04,675.097172606634
1996-07-11,676.734417658264
1996-07-18,676.354587126978
1996-07-25,673.47045214494
1996-08-01,666.339292236217
1996-08-08,657.763690939707
1996-08-15,650.572897789445
1996-08-22,644.469570062798
1996-08-29,637.649047643862
1996-09-05,630.100878114501
1996-09-12,623.175457105868
1996-09-19,616.124491447792
1996-09-26,608.514417196538
1996-10-03,601.476977096089
1996-10-10,595.203669247817
1996-10-17,588.516551101432
1996-10-24,583.359256944797
1996-10-31,578.60920098759
1996-11-07,574.436664760142
1996-11-14,571.055352089374
1996-11-21,567.728011735558
1996-11-28,563.844020147553
1996-12-05,559.312560749303
1996-12-12,554.571669739287
1996-12-19,550.434897245185
1996-12-26,548.128427169381
1997-01-02,544.996899215908
1997-01-09,542.18831805953
1997-01-16,539.948560989761
1997-01-23,536.948093503859
1997-01-30,532.813275703094
1997-02-06,528.484924689827
1997-02-13,522.355950568448
1997-02-20,514.71396305795
1997-02-27,507.685459286862
1997-03-06,501.849711376915
1997-03-13,497.11512640126
1997-03-20,493.512714314148
1997-03-27,490.521576492514
1997-04-03,487.7349437875
1997-04-10,485.158342227863
1997-04-17,481.584239916153
1997-04-24,477.710399060831
1997-05-01,473.847766418213
1997-05-08,469.972749744795
1997-05-15,465.965358515006
1997-05-22,463.09278081608
1997-05-29,461.693233925296
1997-06-05,462.03712093349
1997-06-12,464.985703546371
1997-06-19,467.249522135846
1997-06-26,468.443565891365
1997-07-03,470.53740357465
1997-07-10,473.411184864593
1997-07-17,477.858041806068
1997-07-24,482.745117824484
1997-07-31,487.191865553708
1997-08-07,492.32236654936
1997-08-14,498.406060027887
1997-08-21,504.434115229472
1997-08-28,509.925495940833
1997-09-04,515.815661390769
1997-09-11,521.455628009432
1997-09-18,526.775419419042
1997-09-25,531.366124676682
1997-10-02,536.024308312845
1997-10-09,540.236046648225
1997-10-16,542.231252917184
1997-10-23,543.166261484557
1997-10-30,545.732969285673
1997-11-06,547.931527119508
1997-11-13,548.472689785376
1997-11-20,549.33957714507
1997-11-27,548.405790477831
1997-12-04,547.339550303314
1997-12-11,546.878259157389
1997-12-18,544.937468388877
1997-12-25,541.986088106711
1998-01-01,539.462696429227
1998-01-08,536.443854486485
1998-01-15,532.755459936664
1998-01-22,530.343322754425
1998-01-29,528.830847312783
1998-02-05,527.275900676133
1998-02-12,526.307437471209
1998-02-19,525.934911409807
1998-02-26,525.079740476861
1998-03-05,525.784721256355
1998-03-12,526.804770358336
1998-03-19,526.138033376575
1998-03-26,523.982015124267
1998-04-02,519.898409412437
1998-04-09,516.349574499961
1998-04-16,513.093555780118
1998-04-23,509.666216831602
1998-04-30,508.475210409271
1998-05-07,507.781439921719
1998-05-14,506.101457136266
1998-05-21,504.892614530462
1998-05-28,500.776264741028
1998-06-04,494.657956231819
1998-06-11,487.90818544188
1998-06-18,479.236063661459
1998-06-25,470.144096926462
1998-07-02,463.013353485419
1998-07-09,456.349796705814
1998-07-16,448.187810871141
1998-07-23,440.322784829682
1998-07-30,434.038843875831
1998-08-06,428.31746615283
1998-08-13,423.749549582544
1998-08-20,421.377513608872
1998-08-27,419.704262911424
1998-09-03,418.936149715297
1998-09-10,418.774699736337
1998-09-17,419.85512713882
1998-09-24,421.900423438921
1998-10-01,422.514781652801
1998-10-08,420.70921141476
1998-10-15,419.669397532265
1998-10-22,420.301599507279
1998-10-29,422.814642397049
1998-11-05,425.807507239062
1998-11-12,429.526866570212
1998-11-19,433.149279336995
1998-11-26,436.848283371555
1998-12-03,438.967443234676
1998-12-10,439.261688474166
1998-12-17,440.240409491306
1998-12-24,439.338142292385
1998-12-31,438.694192159607
1999-01-07,439.835068342234
1999-01-14,441.149822474845
1999-01-21,442.546257134627
1999-01-28,443.344753138055
1999-02-04,444.701916216895
1999-02-11,444.723845537174
1999-02-18,444.030190992158
1999-02-25,442.83912358733
1999-03-04,440.462809001943
1999-03-11,437.405553349003
1999-03-18,435.090223720307
1999-03-25,433.082046249497
1999-04-01,431.276143957256
1999-04-08,429.782834070851
1999-04-15,430.013137583401
1999-04-22,431.697777167744
1999-04-29,432.139450340689
1999-05-06,429.697363888608
1999-05-13,426.066592773327
1999-05-20,422.266340984887
1999-05-27,419.661933621591
1999-06-03,416.603551259901
1999-06-10,409.970396216673
1999-06-17,402.241222931289
1999-06-24,397.464422918703
1999-07-01,394.377599097023
1999-07-08,391.225543164633
1999-07-15,389.84041095445
1999-07-22,390.791895369998
1999-07-29,391.974906393746
1999-08-05,393.866389757959
1999-08-12,396.442574408485
1999-08-19,397.875756749089
1999-08-26,397.926168170048
1999-09-02,398.161332260838
1999-09-09,397.18225274211
1999-09-16,395.040172956494
1999-09-23,393.232435546854
1999-09-30,390.641725058526
1999-10-07,388.950498819798
1999-10-14,388.36081326081
1999-10-21,388.419718026894
1999-10-28,390.546655405899
1999-11-04,393.807064810212
1999-11-11,396.93396094494
1999-11-18,398.919280322373
1999-11-25,400.827967630399
1999-12-02,403.491590317175
1999-12-09,405.598495937228
1999-12-16,407.817430436053
1999-12-23,411.604799216236
1999-12-30,416.922201917246
2000-01-06,423.090952655548
2000-01-13,428.410574436412
2000-01-20,435.231865221689
2000-01-27,443.161288012312
2000-02-03,450.442802133129
2000-02-10,458.680053191758
2000-02-17,466.787937802537
2000-02-24,473.892597123638
2000-03-02,482.26025364869
2000-03-09,489.867444995735
2000-03-16,497.455480668456
2000-03-23,504.457954791377
2000-03-30,510.02502789477
2000-04-06,514.242372264398
2000-04-13,520.447663484652
2000-04-20,526.915298858781
2000-04-27,532.669351230448
2000-05-04,538.944823708282
2000-05-11,546.421029725722
2000-05-18,552.682813957943
2000-05-25,558.544561896932
2000-06-01,564.682674551983
2000-06-08,569.707827875787
2000-06-15,574.617151616149
2000-06-22,580.729115039132
2000-06-29,587.50821750433
2000-07-06,592.397747375996
2000-07-13,596.683666286319
2000-07-20,600.71224072147
2000-07-27,604.834560819319
2000-08-03,609.195182452612
2000-08-10,613.161620226345
2000-08-17,616.104598424322
2000-08-24,619.067166514353
2000-08-31,622.023886032936
2000-09-07,622.510522943938
2000-09-14,620.958015706313
2000-09-21,618.428027420677
2000-09-28,615.734958965516
2000-10-05,613.376764643471
2000-10-12,610.770267790902
2000-10-19,608.039222984561
2000-10-26,606.81368679071
2000-11-02,607.059944704756
2000-11-09,606.622556238304
2000-11-16,606.206606575558
2000-11-23,605.495668367819
2000-11-30,603.955490220426
2000-12-07,602.490316136312
2000-12-14,601.113903086828
2000-12-21,598.084425313441
2000-12-28,594.680171492989
2001-01-04,591.921752019135
2001-01-11,589.036713487488
2001-01-18,584.847591962464
2001-01-25,579.948599379121
2001-02-01,573.356257956766
2001-02-08,565.926958051846
2001-02-15,559.964087369338
2001-02-22,553.931376511483
2001-03-01,548.646949554101
2001-03-08,545.162083253779
2001-03-15,541.208451855897
2001-03-22,536.273882215268
2001-03-29,532.538753586266
2001-04-05,528.166519997276
2001-04-12,523.592085646391
2001-04-19,517.934422687816
2001-04-26,512.636819209604
2001-05-03,505.996612274828
2001-05-10,499.231149406549
2001-05-17,491.898091984962
2001-05-24,483.955372823911
2001-05-31,476.948792013627
2001-06-07,472.275720533707
2001-06-14,466.496515775195
2001-06-21,458.756416427772
2001-06-28,450.570646606157
2001-07-05,443.477872285478
2001-07-12,436.920920298335
2001-07-19,431.328731362032
2001-07-26,425.141627935492
2001-08-02,417.708742181015
2001-08-09,411.855542198472
2001-08-16,405.601236646391
2001-08-23,398.524754626983
2001-08-30,392.77353736324
2001-09-06,388.182718120749
2001-09-13,383.968153965641
2001-09-20,381.022834082658
2001-09-27,379.238777852056
2001-10-04,379.063450143263
2001-10-11,378.495724511254
2001-10-18,378.381594898061
2001-10-25,378.903819224691
2001-11-01,381.419107167605
2001-11-08,383.280107437139
2001-11-15,383.347076335373
2001-11-22,382.559386445925
2001-11-29,382.087341913705
2001-12-06,380.368177584244
2001-12-13,378.062576192636
2001-12-20,377.189623044508
2001-12-27,377.498860908751
2002-01-03,377.96614011139
2002-01-10,376.306106139654
2002-01-17,375.458510918649
2002-01-24,374.649817296362
2002-01-31,373.027909830597
2002-02-07,370.393625065945
2002-02-14,365.75232967101
2002-02-21,360.485014975572
2002-02-28,354.971644779973
2002-03-07,349.327218277041
2002-03-14,344.004132516555
2002-03-21,338.787439058563
2002-03-28,335.124290810888
2002-04-04,331.938332879378
2002-04-11,327.685179185489
2002-04-18,323.383880077633
2002-04-25,316.577283632016
2002-05-02,307.859966996127
2002-05-09,298.949094391138
2002-05-16,290.574715977927
2002-05-23,284.090727874656
2002-05-30,279.233704476965
2002-06-06,274.918500765824
2002-06-13,271.435547028863
2002-06-20,269.070990476266
2002-06-27,266.678876418063
2002-07-04,264.382424064049
2002-07-11,262.062359965812
2002-07-18,260.228912250091
2002-07-25,259.315515232226
2002-08-01,259.573956213466
2002-08-08,262.023298559482
2002-08-15,264.376572977573
2002-08-22,265.649934868463
2002-08-29,267.275411172934
2002-09-05,270.37087557733
2002-09-12,274.808970972519
2002-09-19,277.802724716925
2002-09-26,280.44928318754
2002-10-03,284.70838458489
2002-10-10,287.762476900419
2002-10-17,290.31935938706
2002-10-24,292.635547652019
2002-10-31,292.934605709179
2002-11-07,292.291723146224
2002-11-14,291.900475812141
2002-11-21,291.473672118255
2002-11-28,292.81534985872
2002-12-05,295.500132140293
2002-12-12,296.678611611209
2002-12-19,297.466550425241
2002-12-26,296.882913684185
2003-01-02,296.064767879162
2003-01-09,297.006097975628
2003-01-16,299.072095133753
2003-01-23,299.522658816464
2003-01-30,299.730871781112
2003-02-06,303.28182847382
2003-02-13,306.975842114591
2003-02-20,311.564294029597
2003-02-27,317.739634653414
2003-03-06,322.548406664347
2003-03-13,325.855604895053
2003-03-20,328.34030151584
2003-03-27,330.69483648144
2003-04-03,335.059469754953
2003-04-10,340.455161326902
2003-04-17,345.873604579956
2003-04-24,350.278303722999
2003-05-01,355.321047610565
2003-05-08,360.382435109283
2003-05-15,363.902069300935
2003-05-22,365.593849598808
2003-05-29,367.120270327183
2003-06-05,369.302524594669
2003-06-12,372.813498891088
2003-06-19,376.632146541752
2003-06-26,380.263202988073
2003-07-03,382.841393818004
2003-07-10,383.962671500465
2003-07-17,385.355012475037
2003-07-24,385.375305388618
2003-07-31,385.578453748839
2003-08-07,386.069558323479
2003-08-14,385.702216951293
2003-08-21,386.971960458834
2003-08-28,386.383397656497
2003-09-04,384.028549648167
2003-09-11,383.474222165149
2003-09-18,384.144963865386
2003-09-25,384.694979064305
2003-10-02,384.83220833202
2003-10-09,386.337467472231
2003-10-16,388.809928144426
2003-10-23,391.257022241784
2003-10-30,392.003101725107
2003-11-06,391.853803514183
2003-11-13,392.113243410161
2003-11-20,395.027535049089
2003-11-27,401.490785852777
2003-12-04,409.81453058778
2003-12-11,418.041360408644
2003-12-18,426.238119284428
2003-12-25,433.251208714429
2004-01-01,437.201473924684
2004-01-08,438.773837778443
2004-01-15,440.649976251389
2004-01-22,443.253954387821
2004-01-29,446.142069385079
2004-02-05,450.505247075536
2004-02-12,455.454010254767
2004-02-19,460.018315664263
2004-02-26,464.379263731724
2004-03-04,467.317320496797
2004-03-11,470.976750015024
2004-03-18,475.990527598669
2004-03-25,482.225676609306
2004-04-01,488.626882671938
2004-04-08,495.420453234545
2004-04-15,502.198473675829
2004-04-22,506.848160774783
2004-04-29,511.522674949613
2004-05-06,516.306507093033
2004-05-13,521.885155045685
2004-05-20,526.716328513151
2004-05-27,531.672103581044
2004-06-03,537.918853681119
2004-06-10,544.412971000651
2004-06-17,551.373727346074
2004-06-24,556.928708490717
2004-07-01,561.554887884873
2004-07-08,566.436239777636
2004-07-15,571.610048949305
2004-07-22,578.501507154773
2004-07-29,585.211105471588
2004-08-05,590.860258387739
2004-08-12,593.902032916156
2004-08-19,595.180382684515
2004-08-26,597.51338690178
2004-09-02,600.584352168001
2004-09-09,604.078132716046
2004-09-16,607.251045822837
2004-09-23,609.775772222751
2004-09-30,612.992045487331
2004-10-07,616.740097354204
2004-10-14,620.15879658674
2004-10-21,623.609211000851
2004-10-28,626.526568430381
2004-11-04,627.23159054798
2004-11-11,626.145076256008
2004-11-18,624.208095514493
2004-11-25,623.437471189325
2004-12-02,623.608672695827
2004-12-09,623.074093033382
2004-12-16,622.290165410799
2004-12-23,621.628163890401
2004-12-30,620.125233444327
2005-01-06,618.281797569778
2005-01-13,616.542285535472
2005-01-20,614.790855620918
2005-01-27,613.543503072209
2005-02-03,612.749218743342
2005-02-10,612.291770277943
2005-02-17,611.731754724482
2005-02-24,610.550587670024
2005-03-03,609.569967929158
2005-03-10,608.028502557422
2005-03-17,606.607100543897
2005-03-24,605.139146442825
2005-03-31,605.062893646402
2005-04-07,606.5021527778
2005-04-14,608.436393008989
2005-04-21,609.079748275561
2005-04-28,609.713669987151
2005-05-05,610.688262194417
2005-05-12,611.322017112056
2005-05-19,613.132730254974
2005-05-26,616.535752918193
2005-06-02,620.427542798433
2005-06-09,623.141102634745
2005-06-16,626.319960278032
2005-06-23,629.615662946756
2005-06-30,631.900791574554
2005-07-07,634.827492323632
2005-07-14,638.470451167694
2005-07-21,640.471477843697
2005-07-28,640.85589448604
2005-08-04,639.697708732931
2005-08-11,639.630321247052
2005-08-18,640.867519701612
2005-08-25,643.431883366961
2005-09-01,645.496643040398
2005-09-08,645.713605683011
2005-09-15,645.622430789168
2005-09-22,646.109495209392
2005-09-29,647.635348315556
2005-10-06,648.196742244782
2005-10-13,647.0807423981
2005-10-20,643.48531733939
2005-10-27,639.818254564445
2005-11-03,637.610638401657
2005-11-10,634.267781170234
2005-11-17,629.528843077896
2005-11-24,624.016729207385
2005-12-01,617.849519150482
2005-12-08,612.093945232381
2005-12-15,607.056598527457
2005-12-22,602.639900337081
2005-12-29,597.488238467867
2006-01-05,592.260172744451
2006-01-12,587.510504562251
2006-01-19,582.454847341127
2006-01-26,578.008604448189
2006-02-02,575.468289333452
2006-02-09,575.130327598358
2006-02-16,575.654238968503
2006-02-23,575.818266807587
2006-03-02,575.518223236324
2006-03-09,575.742369120544
2006-03-16,575.18654431271
2006-03-23,575.025130663419
2006-03-30,574.788630123143
2006-04-06,574.416968555335
2006-04-13,574.260598561606
2006-04-20,574.693967980847
2006-04-27,575.17559200066
2006-05-04,574.212783283863
2006-05-11,572.725582475845
2006-05-18,571.461334201056
2006-05-25,571.118188166148
2006-06-01,571.145666850941
2006-06-08,570.431165423189
2006-06-15,569.265768650189
2006-06-22,567.652522169279
2006-06-29,565.012546108419
2006-07-06,562.304256598123
2006-07-13,561.353872187355
2006-07-20,562.917447789797
2006-07-27,563.794250844212
2006-08-03,565.564436140145
2006-08-10,568.331919324466
2006-08-17,571.730133884099
2006-08-24,574.301317422938
2006-08-31,576.799327977148
2006-09-07,579.391795138636
2006-09-14,581.472481310864
2006-09-21,583.119411440391
2006-09-28,583.813406003499
2006-10-05,584.056665674577
2006-10-12,583.268415837956
2006-10-19,581.342950153044
2006-10-26,579.413981227325
2006-11-02,578.464937212927
2006-11-09,577.785346470258
2006-11-16,577.670923842692
2006-11-23,578.60979257714
2006-11-30,579.612172682463
2006-12-07,578.979804709504
2006-12-14,575.935597044797
2006-12-21,572.410372678621
2006-12-28,569.817417927836
2007-01-04,566.010640320899
2007-01-11,562.037093802501
2007-01-18,559.250383038593
2007-01-25,557.134415790905
2007-02-01,558.190768127544
2007-02-08,562.234024718121
2007-02-15,566.269573665562
2007-02-22,570.95868749026
2007-03-01,577.625673747525
2007-03-08,584.932436867105
2007-03-15,592.342732561588
2007-03-22,599.150408669565
2007-03-29,607.281004312185
2007-04-05,614.84547194953
2007-04-12,620.048803466084
2007-04-19,624.13302184592
2007-04-26,628.011904712934
2007-05-03,631.234614297029
2007-05-10,636.107175904457
2007-05-17,640.832968711659
2007-05-24,644.991492199261
2007-05-31,649.515727434782
2007-06-07,653.320167491587
2007-06-14,655.916273415711
2007-06-21,656.293805167869
2007-06-28,656.388664229281
2007-07-05,656.974721438734
2007-07-12,658.238149205369
2007-07-19,658.815469022771
2007-07-26,657.752443015911
2007-08-02,657.13053722701
2007-08-09,657.109013438553
2007-08-16,657.38708983061
2007-08-23,657.984943222964
2007-08-30,657.828088917716
2007-09-06,658.140384736453
2007-09-13,657.77975389965
2007-09-20,656.679849029935
2007-09-27,655.999587639047
2007-10-04,657.019859680117
2007-10-11,659.251727608874
2007-10-18,662.197904904891
2007-10-25,665.228710693941
2007-11-01,666.669555895705
2007-11-08,667.799844153518
2007-11-15,668.808045518862
2007-11-22,668.929112100669
2007-11-29,667.316472562418
2007-12-06,664.053782897303
2007-12-13,657.847961827516
2007-12-20,649.878561623024
2007-12-27,640.846251566908
2008-01-03,633.353208924375
2008-01-10,627.418781949333
2008-01-17,622.330990833857
2008-01-24,617.034245445421
2008-01-31,609.433051225153
2008-02-07,601.84870335636
2008-02-14,595.916783753753
2008-02-21,588.539549516424
2008-02-28,580.922477971419
2008-03-06,574.724088008591
2008-03-13,571.312459273424
2008-03-20,568.521801364604
2008-03-27,565.125342119331
2008-04-03,563.553267782567
2008-04-10,562.339583031661
2008-04-17,560.732080648431
2008-04-24,558.020606954988
2008-05-01,554.982629121275
2008-05-08,551.017423201798
2008-05-15,548.680309830081
2008-05-22,548.696105264051
2008-05-29,549.412559839139
2008-06-05,550.427748489334
2008-06-12,552.116598897807
2008-06-19,553.75441828655
2008-06-26,555.029679674062
2008-07-03,555.798944060675
2008-07-10,555.22057462127
2008-07-17,555.469500008736
2008-07-24,555.376529393483
2008-07-31,555.964122343101
2008-08-07,558.09844271216
2008-08-14,559.296002962445
2008-08-21,559.648661943287
2008-08-28,560.475464465899
2008-09-04,561.256464751828
2008-09-11,563.067600027326
2008-09-18,565.242672478401
2008-09-25,565.04886944456
2008-10-02,565.859725457262
2008-10-09,565.735783642095
2008-10-16,564.779270028637
2008-10-23,565.224605668825
2008-10-30,565.592624408561
2008-11-06,565.890988931094
2008-11-13,567.954361169825
2008-11-20,570.910825418834
2008-11-27,575.099807421509
2008-12-04,578.803411924708
2008-12-11,581.054263153296
2008-12-18,583.513909970811
2008-12-25,585.740191534769
2009-01-01,587.470985549896
2009-01-08,588.327618894664
2009-01-15,588.262929528961
2009-01-22,588.256099564724
2009-01-29,588.464414512145
2009-02-05,588.513246769278
2009-02-12,588.661347103957
2009-02-19,590.171867872187
2009-02-26,592.503413782318
2009-03-05,593.616779590601
2009-03-12,594.472698584903
2009-03-19,596.817762066865
2009-03-26,600.100403393272
2009-04-02,600.418318533858
2009-04-09,598.887375959516
2009-04-16,596.055390477732
2009-04-23,592.959862840112
2009-04-30,588.839811899793
2009-05-07,583.978214182442
2009-05-14,580.437641847341
2009-05-21,577.110828256553
2009-05-28,574.117614514693
2009-06-04,571.213571906912
2009-06-11,569.789539953706
2009-06-18,567.461897672824
2009-06-25,564.034679552749
2009-07-02,560.44315577703
2009-07-09,555.748982135203
2009-07-16,552.226392021323
2009-07-23,549.042390638358
2009-07-30,545.280324571325
2009-08-06,543.12244841428
2009-08-13,542.494696097809
2009-08-20,540.597851491418
2009-08-27,538.167516224596
2009-09-03,536.936871471208
2009-09-10,535.931852406144
2009-09-17,534.242750954454
2009-09-24,532.455796088254
2009-10-01,531.688809988285
2009-10-08,531.810771198094
2009-10-15,531.865175916639
2009-10-22,532.160957773982
2009-10-29,532.076876979299
2009-11-05,530.198038716812
2009-11-12,526.392059682424
2009-11-19,524.693062843675
2009-11-26,523.777065067512
2009-12-03,524.379886554318
2009-12-10,523.78592122306
2009-12-17,522.29167538637
2009-12-24,521.279313412682
2009-12-31,519.979928481818
2010-01-07,519.744119129291
2010-01-14,520.151880826721
2010-01-21,520.288094964944
2010-01-28,520.549289955171
2010-02-04,521.126515746149
2010-02-11,520.474422416986
2010-02-18,518.259236413437
2010-02-25,516.404044737897
2010-03-04,516.800188060476
2010-03-11,517.977311570453
2010-03-18,519.29079805607
2010-03-25,521.920712036747
2010-04-01,524.854226324177
2010-04-08,527.708398467597
2010-04-15,531.708852931523
2010-04-22,533.424034808982
2010-04-29,534.659095624061
2010-05-06,535.804803388958
2010-05-13,536.71130601339
2010-05-20,538.295618684196
2010-05-27,538.75687899245
2010-06-03,537.195388315476
2010-06-10,536.239459502472
2010-06-17,533.795374215294
2010-06-24,529.987170728107
2010-07-01,528.040237840736
2010-07-08,526.717560853169
2010-07-15,524.835102826238
2010-07-22,523.088672626736
2010-07-29,519.802006257984
2010-08-05,516.066261731942
2010-08-12,513.585116529224
2010-08-19,512.032861804114
2010-08-26,511.613644153306
2010-09-02,513.397142861297
2010-09-09,517.846089967578
2010-09-16,521.256036407194
2010-09-23,525.790101140688
2010-09-30,532.436078296117
2010-10-07,539.479485581271
2010-10-14,544.831918739479
2010-10-21,550.407743460943
2010-10-28,556.428935166601
2010-11-04,561.707587625292
2010-11-11,565.253195706628
2010-11-18,568.804134044906
2010-11-25,573.072551186991
2010-12-02,578.022250875131
2010-12-09,582.975198137188
2010-12-16,587.43381224067
2010-12-23,591.101312285372
2010-12-30,594.803090079563
2011-01-06,599.602972081812
2011-01-13,603.197690120163
2011-01-20,605.349614499037
2011-01-27,604.23554888983
2011-02-03,601.845059588903
2011-02-10,598.359711354082
2011-02-17,594.099149071397
2011-02-24,589.737117792702
2011-03-03,584.815499183273
2011-03-10,577.513418001538
2011-03-17,569.693373683397
2011-03-24,563.188800284913
2011-03-31,558.511067580123
2011-04-07,555.010011889679
2011-04-14,551.535646460417
2011-04-21,548.217585909807
2011-04-28,545.970760018607
2011-05-05,544.060815747837
2011-05-12,541.334627618701
2011-05-19,539.026107143461
2011-05-26,536.665576542178
2011-06-02,534.446482317046
2011-06-09,532.126820736997
2011-06-16,529.512188419302
2011-06-23,529.101882548916
2011-06-30,529.350154063343
2011-07-07,529.308013372979
2011-07-14,531.167519058586
2011-07-21,534.15961642952
2011-07-28,536.506158751438
2011-08-04,536.649907872628
2011-08-11,533.819371318079
2011-08-18,530.526261485979
2011-08-25,529.320840869823
2011-09-01,528.843234294139
2011-09-08,528.78414422256
2011-09-15,530.185138384801
2011-09-22,531.281632763435
2011-09-29,532.679747802693
2011-10-06,534.124190718006
2011-10-13,535.02957066239
2011-10-20,534.132647741201
2011-10-27,532.13761097052
2011-11-03,529.062171940975
2011-11-10,523.187093357039
2011-11-17,516.695667660372
2011-11-24,509.847392485003
2011-12-01,502.65519750401
2011-12-08,495.463817336464
2011-12-15,490.232642350959
2011-12-22,485.824431453128
2011-12-29,482.085309385562
2012-01-05,479.617485806593
2012-01-12,478.097083270479
2012-01-19,476.111883914858
2012-01-26,475.521040601101
2012-02-02,474.350874266979
2012-02-09,473.9261826572
2012-02-16,474.453920631737
2012-02-23,474.686404999924
2012-03-01,473.872240626825
2012-03-08,472.01472408087
2012-03-15,472.050396530069
2012-03-22,474.37108090528
2012-03-29,475.004659178872
2012-04-05,477.064599337743
2012-04-12,478.844200853551
2012-04-19,479.886272178055
2012-04-26,481.041124370613
2012-05-03,483.183168565399
2012-05-10,485.886329901938
2012-05-17,487.704734998567
2012-05-24,489.567929547148
2012-05-31,491.092147960987
2012-06-07,491.98440529407
2012-06-14,492.991371940395
2012-06-21,493.809918611624
2012-06-28,493.287974268455
2012-07-05,494.603703796316
2012-07-12,497.34766093938
2012-07-19,500.358245641794
2012-07-26,502.512290526705
2012-08-02,504.484842446729
2012-08-09,508.35400247635
2012-08-16,512.681953675081
2012-08-23,515.840723946325
2012-08-30,518.950387618409
2012-09-06,523.238874265246
2012-09-13,528.509610714081
2012-09-20,532.181935166145
2012-09-27,532.748255925146
2012-10-04,532.953737552054
2012-10-11,533.256983015828
2012-10-18,532.286103970787
2012-10-25,531.115515636926
2012-11-01,531.340984832189
2012-11-08,531.836990234658
2012-11-15,532.817333230818
2012-11-22,534.276549690149
2012-11-29,534.729013500569
2012-12-06,534.917291193729
2012-12-13,537.58698175567
2012-12-20,540.886576307888
2012-12-27,545.034064503511
2013-01-03,549.178101355466
2013-01-10,551.190475943312
2013-01-17,551.384454956879
2013-01-24,552.635956059209
2013-01-31,554.68978202925
2013-02-07,555.794424435494
2013-02-14,556.006277491069
2013-02-21,555.396158798575
2013-02-28,553.836514925877
2013-03-07,551.245124036782
2013-03-14,548.117628570431
2013-03-21,545.012903960674
2013-03-28,541.756097726523
2013-04-04,538.27774480209
2013-04-11,535.867509756653
2013-04-18,535.660015698643
2013-04-25,535.361604211235
2013-05-02,534.183737542243
2013-05-09,532.984187851221
2013-05-16,533.412478078502
2013-05-23,535.509543555074
2013-05-30,538.711047572414
2013-06-06,540.428326169413
2013-06-13,541.758283491403
2013-06-20,543.031259949108
2013-06-27,543.411777887949
2013-07-04,542.864246106928
2013-07-11,543.406649088901
2013-07-18,543.961855548568
2013-07-25,545.532306224849
2013-08-01,548.902922537448
2013-08-08,552.342847998635
2013-08-15,557.056920866562
2013-08-22,562.411784834679
2013-08-29,567.174796127636
2013-09-05,573.107106515313
2013-09-12,577.946808205761
2013-09-19,582.545923609271
2013-09-26,586.988652146334
2013-10-03,592.318152997485
2013-10-10,597.375495273374
2013-10-17,603.13821087685
2013-10-24,610.617869735328
2013-10-31,617.182625328904
2013-11-07,622.191566040036
2013-11-14,626.75233157307
2013-11-21,629.962407583953
2013-11-28,632.766595461259
2013-12-05,634.559111103566
2013-12-12,635.544380534991
2013-12-19,638.567811581672
2013-12-26,642.793759290777
2014-01-02,646.029759528298
2014-01-09,648.99561664693
2014-01-16,653.400190858342
2014-01-23,655.599110141958
2014-01-30,656.033862632518
2014-02-06,656.472939969003
2014-02-13,657.260649244736
2014-02-20,656.929398237329
2014-02-27,654.483055991049
2014-03-06,651.572723462488
2014-03-13,648.920191636981
2014-03-20,646.721236259326
2014-03-27,645.246632989641
2014-04-03,642.850302786638
2014-04-10,641.661575481947
2014-04-17,641.845052340257
2014-04-24,642.938739094246
2014-05-01,644.192272712686
2014-05-08,646.934733994494
2014-05-15,649.888570252893
2014-05-22,651.796075562571
2014-05-29,651.624533078766
2014-06-05,650.069128746462
2014-06-12,648.164749506872
2014-06-19,646.620882823246
2014-06-26,644.534148021491
2014-07-03,642.388022466985
2014-07-10,639.065160451883
2014-07-17,636.380154790021
2014-07-24,635.612404290831
2014-07-31,634.284286748602
2014-08-07,632.647202235531
2014-08-14,630.865365398762
2014-08-21,628.860796626659
2014-08-28,626.48953214243
2014-09-04,624.620119575337
2014-09-11,623.719801676274
2014-09-18,623.463474679377
2014-09-25,623.292077368911
2014-10-02,625.417389959361
2014-10-09,628.734828236329
2014-10-16,630.128703235261
2014-10-23,629.972907138414
2014-10-30,629.515448459736
2014-11-06,626.911410241414
2014-11-13,623.351738773493
2014-11-20,618.912775685216
2014-11-27,615.37027550024
2014-12-04,613.173140109836
2014-12-11,611.474689749089
2014-12-18,609.13131766183
2014-12-25,605.667956619981
2015-01-01,602.252887191241
2015-01-08,601.095263819663
2015-01-15,602.403109530993
2015-01-22,604.347032791413
2015-01-29,607.378737678562
2015-02-05,611.818934590593
2015-02-12,616.148937609678
2015-02-19,620.264858109386
2015-02-26,626.312517636224
2015-03-05,632.79328326019
2015-03-12,637.570890867197
2015-03-19,641.898205350268
2015-03-26,646.284747728235
2015-04-02,650.567206457208
2015-04-09,656.048662511425
2015-04-16,661.495116895262
2015-04-23,665.903019507197
2015-04-30,670.272510808719
2015-05-07,675.945176288256
2015-05-14,681.490642157872
2015-05-21,687.800996111211
2015-05-28,692.501501452622
2015-06-04,696.499379693926
2015-06-11,701.135505781172
2015-06-18,706.274020219922
2015-06-25,710.805226551098
2015-07-02,714.668473866584
2015-07-09,718.59993701425
2015-07-16,721.663819028627
2015-07-23,724.550947676854
2015-07-30,728.989838217883
2015-08-06,733.8934018423
2015-08-13,739.276669945274
2015-08-20,744.73706784164
2015-08-27,749.785623158179
2015-09-03,755.624599539498
2015-09-10,762.153744764397
2015-09-17,768.803112707829
2015-09-24,774.83999900466
2015-10-01,780.323658573361
2015-10-08,785.451842790155
2015-10-15,788.481709410809
2015-10-22,791.251785104301
2015-10-29,793.969533495226
2015-11-05,794.267150505284
2015-11-12,792.060129717649
2015-11-19,789.247020521
2015-11-26,785.777588118991
2015-12-03,781.557127317158
2015-12-10,777.752729801647
2015-12-17,774.577660106509
2015-12-24,771.736428152756
2015-12-31,769.876217947869
2016-01-07,768.661052764809
2016-01-14,767.178241128677
2016-01-21,763.423413629583
2016-01-28,758.389868451445
2016-02-04,753.507681921717
2016-02-11,748.411380642683
2016-02-18,741.973708075029
2016-02-25,735.713138920308
2016-03-03,728.356526164732
2016-03-10,719.362241137795
2016-03-17,710.662406249099
2016-03-24,702.31488597151
2016-03-31,694.767084189016
2016-04-07,689.144155650107
2016-04-14,683.730647624854
2016-04-21,679.281938566596
2016-04-28,674.825055681797
2016-05-05,669.541822115202
2016-05-12,666.112418729825
2016-05-19,663.113790810405
2016-05-26,660.158876296806
2016-06-02,656.205271409639
2016-06-09,651.483666614461
2016-06-16,647.348533994108
2016-06-23,644.21760198567
2016-06-30,641.748637886759
2016-07-07,639.305062131513
2016-07-14,637.188616924359
2016-07-21,633.601729662531
2016-07-28,631.260229980147
2016-08-04,630.364195171721
2016-08-11,630.481595019079
2016-08-18,630.316069136159
2016-08-25,629.905532221307
2016-09-01,629.403166685564
2016-09-08,628.74550759227
2016-09-15,626.584856652817
2016-09-22,624.270873605549
2016-09-29,622.48419423504
2016-10-06,620.657434874346
2016-10-13,619.179052852194
2016-10-20,618.245503017177
2016-10-27,617.123893593457
2016-11-03,617.885900667251
2016-11-10,620.036821971922
2016-11-17,622.548887705405
2016-11-24,625.62153438468
2016-12-01,629.026115826067
2016-12-08,633.711265808857
2016-12-15,637.995034932318
2016-12-22,641.654971541448
2016-12-29,646.643362546251
2017-01-05,651.238824984554
2017-01-12,655.061810097634
2017-01-19,658.263832469053
2017-01-26,661.449256994091
2017-02-02,666.170996223121
2017-02-09,671.179799166399
2017-02-16,674.369552737972
2017-02-23,678.045950763412
2017-03-02,682.111719685972
2017-03-09,686.321982379764
2017-03-16,691.546835619087
2017-03-23,696.079225838611
2017-03-30,699.427026132929
2017-04-06,703.000905763599
2017-04-13,707.792733678956
2017-04-20,711.759143200331
2017-04-27,714.901742144379
2017-05-04,716.878113969988
2017-05-11,716.504984153192
2017-05-18,714.670219797389
2017-05-25,712.434022684134
2017-06-01,710.864077403834
2017-06-08,709.223206082457
2017-06-15,706.683787395472
2017-06-22,704.120391985397
2017-06-29,704.790044362676
2017-07-06,707.359156291349
2017-07-13,709.049966898091
2017-07-20,711.150803044451
2017-07-27,711.496659946103
2017-08-03,709.109446374328
2017-08-10,707.204324613139
2017-08-17,707.596276482885
2017-08-24,709.127947129148
2017-08-31,711.212983917069
2017-09-07,714.351363692076
2017-09-14,717.490864657638
2017-09-21,719.870729865803
2017-09-28,722.826318928425
2017-10-05,726.037036178907
2017-10-12,728.267583042648
2017-10-19,729.057763161894
2017-10-26,730.189331520837
2017-11-02,731.086563474611
2017-11-09,732.373507792502
2017-11-16,733.998160999126
2017-11-23,734.923468534227
2017-11-30,737.042501232224
2017-12-07,738.699076975591
2017-12-14,740.112040897183
2017-12-21,740.584157159766
2017-12-28,739.98381669347
2018-01-04,739.176554752218
2018-01-11,737.64856062399
2018-01-18,736.861867379997
2018-01-25,736.178498677117
2018-02-01,736.820001569212
2018-02-08,738.169263278039
2018-02-15,740.046143388765
2018-02-22,743.025365068516
2018-03-01,747.841764897042
2018-03-08,753.796194807013
2018-03-15,758.887870140206
2018-03-22,764.729537222457
2018-03-29,771.953051921231
2018-04-05,778.197244921779
2018-04-12,783.342442944798
2018-04-19,788.001219517679
2018-04-26,792.757861827157
2018-05-03,796.69787822492
2018-05-10,800.555077956084
2018-05-17,803.884472408154
2018-05-24,807.394778362014
2018-05-31,811.200424638836
2018-06-07,814.872926117652
2018-06-14,817.903537809657
2018-06-21,822.244809645149
2018-06-28,826.659950858748
2018-07-05,830.307145611072
2018-07-12,834.901243602241
2018-07-19,841.472124854761
2018-07-26,848.278838771134
2018-08-02,853.954469784536
2018-08-09,859.265266699492
2018-08-16,863.954995841949
2018-08-23,868.961384960038
2018-08-30,874.0345378967
2018-09-06,878.864317926242
2018-09-13,884.86872431548
2018-09-20,892.930164916357
2018-09-27,901.650000882476
2018-10-04,909.499366680373
2018-10-11,917.367720532476
2018-10-18,925.650735548344
2018-10-25,933.367800879108
2018-11-01,943.636913771556
2018-11-08,954.374740949953
2018-11-15,964.172673411498
2018-11-22,974.068239925083
2018-11-29,983.66855723644
2018-12-06,992.692757668813
2018-12-13,1001.68326678584
2018-12-20,1009.59263562761
2018-12-27,1013.5712007156
2019-01-03,1014.73374115798
2019-01-10,1016.51032653394
2019-01-17,1017.61212660124
2019-01-24,1018.9610137604
2019-01-31,1020.75618442235
2019-02-07,1021.77894952614
2019-02-14,1021.82823390242
2019-02-21,1022.03080383649
2019-02-28,1022.27412992145
2019-03-07,1020.78676142207
2019-03-14,1019.32025452641
2019-03-21,1017.58337768526
2019-03-28,1015.35212090998
2019-04-04,1013.8081829235
2019-04-11,1012.74135983633
2019-04-18,1010.37337115666
2019-04-25,1005.40679058089
2019-05-02,1000.46335481168
2019-05-09,996.325431448181
2019-05-16,991.746439969797
2019-05-23,985.460668557677
2019-05-30,978.012929698686
2019-06-06,973.310159295376
2019-06-13,968.05829902721
2019-06-20,961.54341289834
2019-06-27,956.029286556303
2019-07-04,949.552864126403
2019-07-11,943.830364641062
2019-07-18,939.904090145507
2019-07-25,936.307738640927
2019-08-01,932.472639561878
2019-08-08,927.929774806139
2019-08-15,924.702647950713
2019-08-22,923.407079353371
2019-08-29,922.248914865823
2019-09-05,920.271575152731
2019-09-12,917.704120422772
2019-09-19,913.618282849002
2019-09-26,909.762988850223
2019-10-03,907.853600751161
2019-10-10,907.848048081327
2019-10-17,908.726185940474
2019-10-24,908.649509532426
2019-10-31,907.935471603683
2019-11-07,907.656292159972
2019-11-14,909.044801313463
2019-11-21,910.759529470195
2019-11-28,912.067844736885
2019-12-05,912.697996943009
2019-12-12,914.106005410148
2019-12-19,913.68535121553
2019-12-26,912.816458922994
2020-01-02,912.121543186094
2020-01-09,910.836669342001
2020-01-16,910.760170659499
2020-01-23,911.788173470168
2020-01-30,912.78079664386
2020-02-06,913.675151914809
2020-02-13,914.802957490652
2020-02-20,917.165289083969
2020-02-27,920.221645079503
2020-03-05,923.49383379401
2020-03-12,927.84036201241
2020-03-19,932.646779385541
2020-03-26,935.184403471242
2020-04-02,937.829025583337
2020-04-09,940.512077819536
2020-04-16,941.995745537993
2020-04-23,943.010653138034
2020-04-30,943.528023852853
2020-05-07,944.774247265983
2020-05-14,945.779310562068
2020-05-21,946.268866508651
2020-05-28,946.644588530239
2020-06-04,946.647081111905
2020-06-11,947.524699166961
2020-06-18,948.616676557461
2020-06-25,948.457413600921
2020-07-02,947.904091020694
2020-07-09,947.681383669338
2020-07-16,947.282261986067
2020-07-23,947.500281647202
2020-07-30,945.636881080789
2020-08-06,943.438939219852
2020-08-13,940.664017546212
2020-08-20,939.084758460315
2020-08-27,937.275558011551
2020-09-03,932.74768180643
2020-09-10,928.569641366308
2020-09-17,923.884080129491
2020-09-24,919.120298627687
2020-10-01,916.797153747869
2020-10-08,915.643068193452
2020-10-15,913.410719699953
2020-10-22,911.366597780126
2020-10-29,908.618604874787
2020-11-05,907.002422294916
2020-11-12,906.23241199618
2020-11-19,904.251911020594
2020-11-26,902.573935656511
2020-12-03,902.072727836264
2020-12-10,901.122728663076
2020-12-17,899.892752978408
2020-12-24,899.784946063537
2020-12-31,901.250979234844
2021-01-07,904.098589244965
2021-01-14,907.690423310762
2021-01-21,910.732868772405
2021-01-28,913.348582840683
2021-02-04,913.887944643566
2021-02-11,915.991247858728
2021-02-18,921.13444100479
2021-02-25,928.745442137713
2021-03-04,935.844228229953
2021-03-11,943.69063142917
2021-03-18,949.834909070231
2021-03-25,952.843956285793
2021-04-01,955.610166130146
2021-04-08,959.625799421572
2021-04-15,964.847893087658
2021-04-22,972.060324479562
2021-04-29,977.701655405953
2021-05-06,982.565881324635
2021-05-13,986.962999557217
2021-05-20,990.261839264782
2021-05-27,992.792639790962
2021-06-03,995.614109164248
2021-06-10,1000.04330452138
2021-06-17,1005.1884110292
2021-06-24,1009.16855989886
2021-07-01,1014.21161730759
2021-07-08,1019.48822990463
2021-07-15,1024.69664257968
2021-07-22,1027.76513181144
2021-07-29,1029.25913755444
2021-08-05,1030.2950368432
2021-08-12,1031.71097586821
2021-08-19,1034.0189059955
2021-08-26,1038.21589762749
2021-09-02,1043.68084542961
2021-09-09,1048.59037201002
2021-09-16,1053.26783283927
2021-09-23,1059.2433012858
2021-09-30,1066.16474963788
2021-10-07,1072.45007407722
2021-10-14,1077.59719783202
2021-10-21,1082.83017292648
2021-10-28,1086.90380350965
2021-11-04,1091.46741633203
2021-11-11,1095.97940088464
2021-11-18,1102.36584612301
2021-11-25,1109.33331290393
2021-12-02,1116.18008052412
2021-12-09,1124.48943895441
2021-12-16,1135.80438009201
2021-12-23,1149.53339655356
2021-12-30,1161.77249032318
2022-01-06,1171.59435050605
2022-01-13,1180.26473964086
2022-01-20,1187.77665248195
2022-01-27,1193.04095059981
2022-02-03,1197.69991251914
2022-02-10,1202.46739428486
2022-02-17,1207.1037803316
2022-02-24,1211.33207770928
2022-03-03,1215.36204881611
2022-03-10,1217.59932933215
2022-03-17,1220.18718817367
2022-03-24,1223.95543849895
2022-03-31,1229.29141744295
2022-04-07,1235.16098215162
2022-04-14,1240.44599397411
2022-04-21,1245.49318344666
2022-04-28,1251.18608339165
2022-05-05,1258.53424019786
2022-05-12,1266.69403945078
2022-05-19,1274.9506838571
2022-05-26,1282.21443769661
2022-06-02,1289.72491953309
2022-06-09,1295.64424451259
2022-06-16,1301.03137902329
2022-06-23,1305.18133288776
2022-06-30,1308.56267410021
2022-07-07,1311.26860739776
2022-07-14,1313.66391755046
2022-07-21,1316.88647736819
2022-07-28,1320.89827818691
2022-08-04,1325.80551786314
2022-08-11,1331.13123150505
2022-08-18,1336.0699048105
2022-08-25,1339.42359121263
2022-09-01,1341.6595953559
2022-09-08,1342.93656628818
2022-09-15,1342.64963715709
2022-09-22,1341.87304103268
2022-09-29,1341.2749521558
2022-10-06,1340.67900209373
2022-10-13,1339.38667549569
2022-10-20,1338.3561933266
2022-10-27,1336.54034281284
2022-11-03,1335.522646442
2022-11-10,1335.41393582297
2022-11-17,1333.6064115232
2022-11-24,1331.37415664268
2022-12-01,1332.33689262485
2022-12-08,1334.61589783337
2022-12-15,1338.12092581217
2022-12-22,1343.12272861882
2022-12-29,1348.84232868472
2023-01-05,1353.69672389989
2023-01-12,1358.55565129676
2023-01-19,1363.91476041168
2023-01-26,1368.10344981164
2023-02-02,1371.43113316778
2023-02-09,1373.5623861275
2023-02-16,1372.5037880515
2023-02-23,1371.33674562776
2023-03-02,1371.44197352174
2023-03-09,1372.6653562459
2023-03-16,1374.509328864
2023-03-23,1377.14650905118
2023-03-30,1380.95684033545
2023-04-06,1384.28581063155
2023-04-13,1387.12215760278
2023-04-20,1388.58001252523
2023-04-27,1390.56033408026
2023-05-04,1392.61312455912
2023-05-11,1395.06388777401
2023-05-18,1397.60394970712
2023-05-25,1400.41073855813
2023-06-01,1402.59493884478
2023-06-08,1403.08177788543
2023-06-15,1404.1188865101
2023-06-22,1404.35661992335
2023-06-29,1404.37030582759
2023-07-06,1404.67282500418
2023-07-13,1406.01799444924
2023-07-20,1408.76486508381
2023-07-27,1411.37320809866
2023-08-03,1415.02391817869
2023-08-10,1419.6821951444
2023-08-17,1421.9586076129
2023-08-24,1423.46309758964
2023-08-31,1426.06999517191
2023-09-07,1428.99842481219
2023-09-14,1429.82586578726
2023-09-21,1430.93418786547
2023-09-28,1433.37540017397
2023-10-05,1436.75216390245
2023-10-12,1440.9093480279
2023-10-19,1445.35504123759
2023-10-26,1449.09582220827
2023-11-02,1453.11026100797
2023-11-09,1456.0402774755
2023-11-16,1457.48751669108
2023-11-23,1458.25611415217
2023-11-30,1458.13336392034
2023-12-07,1457.33743824891
2023-12-14,1456.54940661337
2023-12-21,1455.96984549012
2023-12-28,1456.53430566355
2024-01-04,1456.46221473902
2024-01-11,1454.44106985778
2024-01-18,1452.4735548345
2024-01-25,1452.02900707593
2024-02-01,1452.76288502308
2024-02-08,1452.401798425
2024-02-15,1451.47881253613
2024-02-22,1450.75251268292
2024-02-29,1449.88663014997
2024-03-07,1447.90156583953
2024-03-14,1445.88641832418
2024-03-21,1444.13939334865
2024-03-28,1442.77496590096
2024-04-04,1440.95061316409
2024-04-11,1439.3074820609
2024-04-18,1439.57472197257
2024-04-25,1441.10920672472
2024-05-02,1442.21035057021
2024-05-09,1442.8639001913
2024-05-16,1442.63752579175
2024-05-23,1443.41023719537
2024-05-30,1443.18875941859
2024-06-06,1442.51815681846
2024-06-13,1442.01006781996
2024-06-20,1440.56761177333
2024-06-27,1438.66363600629
2024-07-04,1437.37257693973
2024-07-11,1435.19891558318
2024-07-18,1434.88097214783
2024-07-25,1435.70499175889
2024-08-01,1437.26991581182
2024-08-08,1438.69405101249
2024-08-15,1439.51653605554
2024-08-22,1440.184832595
2024-08-29,1441.14446067619
2024-09-05,1442.09297160446
2024-09-12,1442.65222794417
2024-09-19,1445.24287588459
2024-09-26,1447.76258656217
2024-10-03,1450.07285281148
2024-10-10,1451.6939361646
2024-10-17,1453.4300032219
2024-10-24,1455.22234477651
2024-10-31,1457.64869555739
2024-11-07,1461.06627217352
2024-11-14,1462.593588295
2024-11-21,1462.87548063961
2024-11-28,1463.63461008428
2024-12-05,1465.08308903619
2024-12-12,1469.05499608111
2024-12-19,1472.43537572499
2024-12-26,1474.36690599333
2025-01-02,1477.06680179295
2025-01-09,1479.55282054154
2025-01-16,1482.41022559693
2025-01-23,1486.71078245762
2025-01-30,1490.90899050136
2025-02-06,1495.29243890775
2025-02-13,1500.47712548868
2025-02-20,1503.51883347773
2025-02-27,1504.63906353825
2025-03-06,1503.94589631631
2025-03-13,1502.5978385573
2025-03-20,1502.55780328488
2025-03-27,1502.42974633481
2025-04-03,1501.94500137051
2025-04-10,1501.27818741864
2025-04-17,1499.76322630626
2025-04-24,1496.86918513947
